StoreID,StoreName,Street,City,State,StoreTiminings,Phone,Fax,Email,URL,Latitude,Longitude
20444,Dedham,"630 Washington Street, Space 33A",Dedham,Massachusetts,Monday : 7:00 AM - 7:00 PM | Tuesday : 7:00 AM - 7:00 PM | Wednesday : 7:00 PM - 7:00 PM | Thursday : 7:00 AM - 7:00 PM | Friday : 7:00 AM - 7:00 PM | Saturday : 10:00 AM - 5:00 PM | Sunday : 10:00 AM - 5:00 PM,781-455-1001,413-344-0121,dedham@dogtopia.com,https://www.dogtopia.com/massachusetts-dedham,42.2403232,-71.1790065
20436,Alpharetta at Halcyon,6275 Cortland Walk,Alpharetta,Georgia,Monday : 7:00 AM - 7:00 PM | Tuesday : 7:00 AM - 7:00 PM | Wednesday : 7:00 AM - 7:00 PM | Thursday : 7:00 AM - 7:00 PM | Friday : 7:00 AM - 7:00 PM | Saturday : 10:00 AM - 5:00 PM | Sunday :  - ,770-676-2283,,halcyon@dogtopia.com,https://www.dogtopia.com/alpharetta-halcyon,34.10973971971185,-84.2223898586197
20349,Downtown Orlando,1452 Alden Rd,Orlando,Florida,Monday : 7:00 AM - 7:00 PM | Tuesday : 7:00 AM - 7:00 PM | Wednesday : 7:00 AM - 7:00 PM | Thursday : 7:00 AM - 7:00 PM | Friday : 7:00 AM - 7:00 PM | Saturday : 10:00 AM - 6:00 PM | Sunday : 10:00 AM - 6:00 PM,407-801-6008,,downtownorlando@dogtopia.com,https://www.dogtopia.com/downtown-orlando,28.5648584,-81.37167360000001
20322,Thunderbolt,2391 Downing Ave,Savannah,Georgia,Monday : 7:00 AM - 7:00 PM | Tuesday : 7:00 AM - 7:00 PM | Wednesday : 7:00 AM - 7:00 PM | Thursday : 7:00 AM - 7:00 PM | Friday : 7:00 AM - 7:00 PM | Saturday : 10:00 AM - 5:00 PM | Sunday : 10:00 AM - 5:00 PM,912-217-4229,,thunderbolt@dogtopia.com,https://www.dogtopia.com/savannah-thunderbolt,32.038519,-81.055607
20298,Roanoke,216 East Highway 114,Roanoke,Texas,Monday : 7:00 AM - 7:00 PM | Tuesday : 7:00 AM - 7:00 PM | Wednesday : 7:00 AM - 7:00 PM | Thursday : 7:00 AM - 7:00 PM | Friday : 7:00 AM - 7:00 PM | Saturday : 9:00 AM - 5:00 PM | Sunday : 2:00 PM - 4:00 PM,817-837-9915,,roanoke@dogtopia.com,https://www.dogtopia.com/roanoke,33.0083253,-97.2212155
20181,Town & Country,13933 Manchester Road,Ballwin,Missouri,Monday : 6:30 AM - 7:00 PM | Tuesday : 6:30 AM - 7:00 PM | Wednesday : 6:30 AM - 7:00 PM | Thursday : 6:30 AM - 7:00 PM | Friday : 6:30 AM - 7:00 PM | Saturday : 9:00 AM - 5:00 PM | Sunday : 9:00 AM - 5:00 PM,314-230-0550,,townandcountry@dogtopia.com,https://www.dogtopia.com/town-country-ballwin,38.5965655,-90.4862615
20142,Sandy Springs,6010-A Sandy Springs Circle,Atlanta,Georgia,Monday : 7:00 AM - 7:00 PM | Tuesday : 7:00 AM - 7:00 PM | Wednesday : 7:00 AM - 7:00 PM | Thursday : 7:00 AM - 7:00 PM | Friday : 7:00 AM - 7:00 PM | Saturday : 10:00 AM - 5:00 PM | Sunday : 1:00 PM - 5:00 PM,678-973-0521,,sandysprings@dogtopia.com,https://www.dogtopia.com/sandy-springs,33.920614,-84.3844684
20116,Cedar Mill,11780 NW Cedar Falls Dr,Portland,Oregon,Monday : 7:00 AM - 7:00 PM | Tuesday : 7:00 AM - 7:00 PM | Wednesday : 7:00 AM - 7:00 PM | Thursday : 7:00 AM - 7:00 PM | Friday : 7:00 AM - 7:00 PM | Saturday : 9:00 AM - 5:00 PM | Sunday : 9:00 AM - 5:00 PM,503-288-7185,,cedarmill@dogtopia.com,https://www.dogtopia.com/cedar-mill,45.5208774,-122.8000389
20112,Frisco - Preston,7227 Preston Rd,Frisco,Texas,Monday : 7:00 AM - 7:00 PM | Tuesday : 7:00 AM - 7:00 PM | Wednesday : 7:00 AM - 7:00 PM | Thursday : 7:00 AM - 7:00 PM | Friday : 7:00 AM - 7:00 PM | Saturday : 10:00 AM - 5:00 PM | Sunday : 10:00 AM - 5:00 PM,469-778-7300,,friscopreston@dogtopia.com,https://www.dogtopia.com/frisco-preston,33.1384702,-96.80575309999999
19854,Shrewsbury,980 Shrewsbury Ave,Tinton Falls,New Jersey,Monday : 6:00 AM - 8:00 PM | Tuesday : 6:00 AM - 8:00 PM | Wednesday : 6:00 AM - 8:00 PM | Thursday : 6:00 AM - 8:00 PM | Friday : 6:00 AM - 8:00 PM | Saturday : 10:00 AM - 5:00 PM | Sunday : 10:00 AM - 5:00 PM,732-440-9080,,shrewsbury@dogtopia.com,https://www.dogtopia.com/newjersey-shrewsbury,40.3130198,-74.06654569999999
19795,Bethpage,4076 Hempstead Turnpike,Bethpage,New York,Monday : 7:00 AM - 7:00 PM | Tuesday : 7:00 AM - 7:00 PM | Wednesday : 7:00 AM - 7:00 PM | Thursday : 7:00 AM - 7:00 PM | Friday : 7:00 AM - 7:00 PM | Saturday : 10:00 AM - 5:00 PM | Sunday : 10:00 AM - 5:00 PM,516-862-4514,516-605-9777,bethpage@dogtopia.com,https://www.dogtopia.com/newyork-bethpage,40.7252017,-73.48560859999999
19752,Decatur,2098 North Decatur Road,Decatur,Georgia,Monday : 5:30 AM - 8:00 PM | Tuesday : 5:30 AM - 8:00 PM | Wednesday : 5:30 AM - 8:00 PM | Thursday : 5:30 AM - 8:00 PM | Friday : 5:30 AM - 8:00 PM | Saturday : 7:00 AM - 7:00 PM | Sunday : 10:00 AM - 5:00 PM,470-487-8005,,decatur@dogtopia.com,https://www.dogtopia.com/decatur,33.7912236,-84.3055377
19735,Maplewood,2017 Woodlynn Ave,Maplewood,Minnesota,Monday : 7:00 AM - 7:00 PM | Tuesday : 7:00 AM - 7:00 PM | Wednesday : 7:00 AM - 7:00 PM | Thursday : 7:00 AM - 7:00 PM | Friday : 7:00 AM - 7:00 PM | Saturday : 8:00 AM - 5:00 PM | Sunday : 12:00 PM - 5:00 PM,651-505-1848,,maplewood@dogtopia.com,https://www.dogtopia.com/maplewood,45.0336859,-93.0156291
19706,Belden-Canton,4413 Whipple Ave N.W.,Canton,Ohio,Monday : 7:00 AM - 7:00 PM | Tuesday : 7:00 AM - 7:00 PM | Wednesday : 7:00 AM - 7:00 PM | Thursday : 7:00 AM - 7:00 PM | Friday : 7:00 AM - 7:00 PM | Saturday : 10:00 AM - 5:00 PM | Sunday : 10:00 AM - 5:00 PM,330-970-2200,,beldencanton@dogtopia.com,https://www.dogtopia.com/belden-canton,40.8485495,-81.42334819999999
19693,Plymouth,246 N Main St,Plymouth,Michigan,Monday : 6:30 AM - 7:00 PM | Tuesday : 6:30 AM - 7:00 PM | Wednesday : 6:30 AM - 7:00 PM | Thursday : 6:30 AM - 7:00 PM | Friday : 6:30 AM - 7:00 PM | Saturday : 10:00 AM - 5:00 PM | Sunday : 10:00 AM - 5:00 PM,734-887-9090,,plymouth@dogtopia.com,https://www.dogtopia.com/plymouth,42.3741458,-83.4645103
19656,Union,1235 W. Chestnut Street,Union,New Jersey,Monday : 6:00 AM - 8:00 PM | Tuesday : 6:00 AM - 8:00 PM | Wednesday : 6:00 AM - 8:00 PM | Thursday : 6:00 AM - 8:00 PM | Friday : 6:00 AM - 8:00 PM | Saturday : 10:00 AM - 5:00 PM | Sunday : 10:00 AM - 5:00 PM,908-774-1400,,union@dogtopia.com,https://www.dogtopia.com/union-newjersey,40.6922763,-74.2892703
19614,Milford,40 Quirk Road,Milford,Connecticut,Monday : 6:30 AM - 7:00 PM | Tuesday : 6:30 AM - 7:00 PM | Wednesday : 6:30 AM - 7:00 PM | Thursday : 6:30 AM - 7:00 PM | Friday : 6:30 AM - 7:00 PM | Saturday : 9:00 AM - 5:00 PM | Sunday : 9:00 AM - 5:00 PM,203-951-9970,,milford@dogtopia.com,https://www.dogtopia.com/milford,41.2379397,-73.0097605
19504,Navy Yard,900 M St. SE,Washington,D.C.,Monday : 7:00 AM - 7:00 PM | Tuesday : 7:00 AM - 7:00 PM | Wednesday : 7:00 AM - 7:00 PM | Thursday : 7:00 AM - 7:00 PM | Friday : 7:00 AM - 7:00 PM | Saturday : 7:00 AM - 7:00 PM | Sunday : 7:00 AM - 7:00 PM,(202) 629-2765,(202) 921-0449,navyyard@dogtopia.com,https://www.dogtopia.com/washington-navy-yard,38.87662939999999,-76.9933835
19500,Downtown D.C.,1232 9th St. NW,Washington,D.C.,Monday : 7:00 AM - 7:00 PM | Tuesday : 7:00 AM - 7:00 PM | Wednesday : 7:00 AM - 7:00 PM | Thursday : 7:00 AM - 7:00 PM | Friday : 7:00 AM - 7:00 PM | Saturday : 7:00 AM - 7:00 PM | Sunday : 7:00 AM - 7:00 PM,(202) 789-0870,(202) 921-0428,downtowndc@dogtopia.com,https://www.dogtopia.com/downtown-washington-dc,38.9065614,-77.02440299999999
19481,West Midtown Atlanta,1201 West Lane NW,Atlanta,Georgia,Monday : 6:30 AM - 7:30 PM | Tuesday : 6:30 AM - 7:30 PM | Wednesday : 6:30 AM - 7:30 PM | Thursday : 6:30 AM - 7:30 PM | Friday : 6:30 AM - 7:30 PM | Saturday : 7:30 AM - 7:00 PM | Sunday : 10:00 AM - 5:00 PM,404-267-4589,,westmidtownatl@dogtopia.com,https://www.dogtopia.com/west-midtown-atlanta,33.7873879,-84.4144352
19448,Regina East,1818 E Victoria Ave,Regina,Saskatchewan,Monday : 6:30 AM - 6:30 PM | Tuesday : 6:30 AM - 6:30 PM | Wednesday : 6:30 AM - 6:30 PM | Thursday : 6:30 AM - 6:30 PM | Friday : 6:30 AM - 6:30 PM | Saturday :  -  | Sunday :  - ,306-805-0538,,reginaeast@dogtopia.com,https://www.dogtopia.com/regina-east,50.448165,-104.5575284
19354,Denver Tech Center,"8755 E Orchard Rd., Suite 601-602",Greenwood Village,Colorado,Monday : 7:00 AM - 7:00 PM | Tuesday : 7:00 AM - 7:00 PM | Wednesday : 7:00 AM - 7:00 PM | Thursday : 7:00 AM - 7:00 PM | Friday : 7:00 AM - 7:00 PM | Saturday : 8:00 AM - 5:00 PM | Sunday : 8:00 AM - 5:00 PM,303-495-1161,,dtc@dogtopia.com,https://www.dogtopia.com/denver-tech-center,39.6105315,-104.8884262
19290,Viera,"5410 Murrell Road, Suite 117",Rockledge,Florida,Monday : 7:00 AM - 7:00 PM | Tuesday : 7:00 AM - 7:00 PM | Wednesday : 7:00 AM - 7:00 PM | Thursday : 7:00 AM - 7:00 PM | Friday : 7:00 AM - 7:00 PM | Saturday : 10:00 AM - 5:00 PM | Sunday : 10:00 AM - 5:00 PM,321-294-4102,,viera@dogtopia.com,https://www.dogtopia.com/viera,28.2675445,-80.7199691
19275,Bethesda,4936 Fairmont Avenue,Bethesda,Maryland,Monday : 7:00 AM - 7:00 PM | Tuesday : 7:00 AM - 7:00 PM | Wednesday : 7:00 AM - 7:00 PM | Thursday : 7:00 AM - 7:00 PM | Friday : 7:00 AM - 7:00 PM | Saturday : 10:00 AM - 5:00 PM | Sunday : 10:00 AM - 5:00 PM,240-283-7131,,bethesda@dogtopia.com,https://www.dogtopia.com/bethesda,38.9875259,-77.0970504
19267,Falls Church,108 W. Jefferson St.,Falls Church,Virginia,Monday : 6:00 AM - 7:00 PM | Tuesday : 6:00 AM - 7:00 PM | Wednesday : 6:00 AM - 7:00 PM | Thursday : 6:00 AM - 7:00 PM | Friday : 6:00 AM - 7:00 PM | Saturday : 10:00 AM - 5:00 PM | Sunday : 10:00 AM - 5:00 PM,571-356-9223,,fallschurch@dogtopia.com,https://www.dogtopia.com/falls-church,38.8866372,-77.1652099
19205,Purcellville,"201 N Maple Ave, Suite A",Purcellville,Virginia,Monday : 6:00 AM - 7:00 PM | Tuesday : 6:00 AM - 7:00 PM | Wednesday : 6:00 AM - 7:00 PM | Thursday : 6:00 AM - 7:00 PM | Friday : 6:00 AM - 7:00 PM | Saturday : 10:00 AM - 5:00 PM | Sunday : 10:00 AM - 5:00 PM,703-936-4121,703-719-8693,purcellville@dogtopia.com,https://www.dogtopia.com/purcellville,39.1383761,-77.7059493
19130,Don Valley,3 Ellesmere Rd,Scarborough,Ontario,Monday : 7:00 AM - 7:00 PM | Tuesday : 7:00 AM - 7:00 PM | Wednesday : 7:00 AM - 7:00 PM | Thursday : 7:00 AM - 7:00 PM | Friday : 7:00 AM - 7:00 PM | Saturday :  -  | Sunday :  - ,647-258-5466,,donvalley@dogtopia.com,https://www.dogtopia.com/don-valley,43.7570782,-79.3143738
19083,Arlington Heights,676 East Rand Road,Arlington Heights,Illinois,Monday : 7:00 AM - 7:00 PM | Tuesday : 7:00 AM - 7:00 PM | Wednesday : 7:00 AM - 7:00 PM | Thursday : 7:00 AM - 7:00 PM | Friday : 7:00 AM - 7:00 PM | Saturday : 9:00 AM - 5:00 PM | Sunday :  - ,847-350-1115,,arlingtonheights@dogtopia.com,https://www.dogtopia.com/arlington-heights,42.1087723,-87.9740125
19079,Omaha-Millard,18920 Edna Street,Omaha,Nebraska,Monday : 6:30 AM - 7:00 PM | Tuesday : 6:30 AM - 7:00 PM | Wednesday : 6:30 AM - 7:00 PM | Thursday : 6:30 AM - 7:00 PM | Friday : 6:30 AM - 7:00 PM | Saturday : 10:00 AM - 5:00 PM | Sunday : 10:00 AM - 5:00 PM,402-205-0074,,millard@dogtopia.com,https://www.dogtopia.com/omaha-millard,41.1895363,-96.2116482
19074,Stamford-Downtown,"421 Atlantic Street, Suite 101",Stamford,Connecticut,Monday : 6:30 AM - 7:00 PM | Tuesday : 6:30 AM - 7:00 PM | Wednesday : 6:30 AM - 7:00 PM | Thursday : 6:30 AM - 7:00 PM | Friday : 6:30 AM - 7:00 PM | Saturday : 9:00 AM - 5:00 PM | Sunday : 9:00 AM - 5:00 PM,203-716-6013,,stamford@dogtopia.com,https://www.dogtopia.com/stamford-downtown,41.049865,-73.54018959999999
19052,Port Chester,142 Midland Ave,Port Chester,New York,Monday : 7:00 AM - 7:00 PM | Tuesday : 7:00 AM - 7:00 PM | Wednesday : 7:00 AM - 7:00 PM | Thursday : 7:00 AM - 7:00 PM | Friday : 7:00 AM - 7:00 PM | Saturday : 7:00 AM - 7:00 PM | Sunday : 10:00 AM - 5:00 PM,914-908-4710,914-268-9964,portchester@dogtopia.com,https://www.dogtopia.com/newyork-portchester,40.9913633,-73.67063639999999
19014,Lake Oswego,"16130 Boones Ferry Rd., Suite C,",Lake Oswego,Oregon,Monday : 7:00 AM - 7:00 PM | Tuesday : 7:00 AM - 7:00 PM | Wednesday : 7:00 AM - 7:00 PM | Thursday : 7:00 AM - 7:00 PM | Friday : 7:00 AM - 7:00 PM | Saturday : 10:00 AM - 5:00 PM | Sunday : 10:00 AM - 5:00 PM,503-342-2919,,lakeoswego@dogtopia.com,https://www.dogtopia.com/lake-oswego,45.4087774,-122.72221910000002
19009,South Waterfront,3706 S River Parkway,Portland,Oregon,Monday : 6:30 AM - 7:30 PM | Tuesday : 6:30 AM - 7:30 PM | Wednesday : 6:30 AM - 7:30 PM | Thursday : 6:30 AM - 7:30 PM | Friday : 6:30 AM - 7:30 PM | Saturday : 9:00 AM - 5:00 PM | Sunday : 9:00 AM - 5:00 PM,503-446-4388,,southwaterfront@dogtopia.com,https://www.dogtopia.com/portland-southwaterfront,45.495999,-122.66939000000002
18853,Paradise Valley Village,13001 N Tatum Blvd Suite C01,Phoenix,Arizona,Monday : 7:00 AM - 7:00 PM | Tuesday : 7:00 AM - 7:00 PM | Wednesday : 7:00 AM - 7:00 PM | Thursday : 7:00 AM - 7:00 PM | Friday : 7:00 AM - 7:00 PM | Saturday : 8:30 AM - 5:00 PM | Sunday :  - ,480-605-3044,,pvvillage@dogtopia.com,https://www.dogtopia.com/phoenix-paradisevalleyvillage,33.60423984336829,-111.97679198941039
18841,Harrison Ave,243 Grande Heights Dr.,Cary,North Carolina,Monday : 7:00 AM - 6:00 PM | Tuesday : 7:00 AM - 6:00 PM | Wednesday : 7:00 AM - 6:00 PM | Thursday : 7:00 AM - 6:00 PM | Friday : 7:00 AM - 6:00 PM | Saturday : 8:30 AM - 5:00 PM | Sunday :  - ,919-297-2342,,harrisonave@dogtopia.com,https://www.dogtopia.com/cary-harrisonave,35.8047108,-78.78090179999998
18826,Kitchener,"73 King St. W., Unit 102",Kitchener,Ontario,Monday : 7:30 AM - 7:00 PM | Tuesday : 7:30 AM - 7:00 PM | Wednesday : 7:30 AM - 7:00 PM | Thursday : 7:30 AM - 7:00 PM | Friday : 7:30 AM - 7:00 PM | Saturday : 9:30 AM - 3:00 PM | Sunday :  - ,226-317-0628,,kitchener@dogtopia.com,https://www.dogtopia.com/kitchener,43.4500354,-80.4910391
18776,South Summerlin,6415 S Fort Apache Rd. Suite 130,Las Vegas,Nevada,Monday : 7:00 AM - 7:00 PM | Tuesday : 7:00 AM - 7:00 PM | Wednesday : 7:00 AM - 7:00 PM | Thursday : 7:00 AM - 7:00 PM | Friday : 7:00 AM - 7:00 PM | Saturday : 10:00 AM - 5:00 PM | Sunday :  - ,702-659-5169,,southsummerlin@dogtopia.com,https://www.dogtopia.com/vegas-southsummerlin,36.07181440000001,-115.2987139
18773,Barrie,201 Cundles Road East,Barrie,Ontario,Monday : 6:30 AM - 6:00 PM | Tuesday : 6:30 AM - 6:00 PM | Wednesday : 6:30 AM - 6:00 PM | Thursday : 6:30 AM - 6:00 PM | Friday : 6:30 AM - 6:00 PM | Saturday :  -  | Sunday :  - ,705-410-1113,,barrie@dogtopia.com,https://www.dogtopia.com/barrie,44.4115102,-79.6867866
18680,Mount Kisco,333 North Bedford Road,Mount Kisco,NY,Monday : 7:00 AM - 7:00 PM | Tuesday : 7:00 AM - 7:00 PM | Wednesday : 7:00 AM - 7:00 PM | Thursday : 7:00 AM - 7:00 PM | Friday : 7:00 AM - 7:00 PM | Saturday : 7:00 AM - 7:00 PM | Sunday : 7:00 AM - 7:00 PM,914-218-8258,914-218-8259,mountkisco@dogtopia.com,https://www.dogtopia.com/newyork-mountkisco,41.2204834,-73.71946729999999
18651,Warwick,30 Jefferson Blvd,Warwick,Rhode Island,Monday : 6:30 AM - 7:00 PM | Tuesday : 6:30 AM - 7:00 PM | Wednesday : 6:30 AM - 7:00 PM | Thursday : 6:30 AM - 7:00 PM | Friday : 6:30 AM - 7:00 PM | Saturday : 8:00 AM - 5:00 PM | Sunday :  - ,401-903-4900,,warwick@dogtopia.com,https://www.dogtopia.com/warwick,41.7535147,-71.43511560000002
18644,Yorktown,3655 Crompond Rd,Cortlandt Manor,New York,Monday : 7:00 AM - 7:00 PM | Tuesday : 7:00 AM - 7:00 PM | Wednesday : 7:00 AM - 7:00 PM | Thursday : 7:00 AM - 7:00 PM | Friday : 7:00 AM - 7:00 PM | Saturday : 7:00 AM - 7:00 PM | Sunday : 10:00 AM - 5:00 PM,914-930-8131,914-930-8132,yorktown@dogtopia.com,https://www.dogtopia.com/newyork-yorktown,41.28875550000001,-73.84213609999999
18637,Historic Phoenix,520 W McDowell Rd,Phoenix,Arizona,Monday : 5:00 AM - 10:00 PM | Tuesday : 5:00 AM - 10:00 PM | Wednesday : 5:00 AM - 10:00 PM | Thursday : 5:00 AM - 10:00 PM | Friday : 5:00 AM - 10:00 PM | Saturday : 5:00 AM - 10:00 PM | Sunday : 5:00 AM - 10:00 PM,602-607-1500,,historicphoenix@dogtopia.com,https://www.dogtopia.com/historic-phoenix,33.4660318,-112.0806354
18626,Town Center - Virginia Beach,4546 Columbus Street,Virginia Beach,Virginia,Monday : 7:00 AM - 7:00 PM | Tuesday : 7:00 AM - 7:00 PM | Wednesday : 7:00 AM - 7:00 PM | Thursday : 7:00 AM - 7:00 PM | Friday : 7:00 AM - 7:00 PM | Saturday :  -  | Sunday :  - ,757-517-8010,,towncenter@dogtopia.com,https://www.dogtopia.com/towncenter-virginiabeach,36.8409808,-76.13400380000002
18587,Roswell,1570 Holcomb Bridge Road #325,Roswell,Georgia,Monday : 7:00 AM - 7:00 PM | Tuesday : 7:00 AM - 7:00 PM | Wednesday : 7:00 AM - 7:00 PM | Thursday : 7:00 AM - 7:00 PM | Friday : 7:00 AM - 7:00 PM | Saturday : 10:00 AM - 5:00 PM | Sunday :  - ,770-679-8373,,roswell@dogtopia.com,https://www.dogtopia.com/roswell,34.0191806,-84.31250130000001
18575,Olathe,15270 W. 119th Street,Olathe,Kansas,Monday : 7:00 AM - 7:00 PM | Tuesday : 7:00 AM - 7:00 PM | Wednesday : 7:00 AM - 7:00 PM | Thursday : 7:00 AM - 7:00 PM | Friday : 7:00 AM - 7:00 PM | Saturday : 10:00 AM - 5:00 PM | Sunday : 10:00 AM - 5:00 PM,913-318-6458,,olathe@dogtopia.com,https://www.dogtopia.com/olathe,38.9152469,-94.7616084
18543,Cherry Hill,2095 Marlton Pike East,Cherry Hill,New Jersey,Monday : 7:00 AM - 6:00 PM | Tuesday : 7:00 AM - 6:00 PM | Wednesday : 7:00 AM - 6:00 PM | Thursday : 7:00 AM - 6:00 PM | Friday : 7:00 AM - 6:00 PM | Saturday : 10:00 AM - 4:00 PM | Sunday :  - ,856-254-3555,,cherryhill@dogtopia.com,https://www.dogtopia.com/cherry-hill,39.896315,-74.94853899999998
18540,Applewood,1224 Dundas Street East Unit 1B,Mississauga,Ontario,Monday : 6:30 AM - 7:00 PM | Tuesday : 6:30 AM - 7:00 PM | Wednesday : 6:30 AM - 7:00 PM | Thursday : 6:30 AM - 7:00 PM | Friday : 6:30 AM - 7:00 PM | Saturday : 9:00 AM - 4:00 PM | Sunday :  - ,647-691-5477,,applewood@dogtopia.com,https://www.dogtopia.com/applewood,43.60467269999999,-79.5858035
18531,Houston-Cypress,8931 Fry Rd Suite 800,Cypress,Texas,Monday : 7:00 AM - 7:00 PM | Tuesday : 7:00 AM - 7:00 PM | Wednesday : 7:00 AM - 7:00 PM | Thursday : 7:00 AM - 7:00 PM | Friday : 7:00 AM - 7:00 PM | Saturday : 10:00 AM - 5:00 PM | Sunday : 10:00 AM - 5:00 PM,281-213-5780,,cypress@dogtopia.com,https://www.dogtopia.com/houston-cypress,29.91231400000001,-95.72747290000001
18477,Fort Lauderdale - Northeast,5435 N Federal Hwy,Fort Lauderdale,Florida,Monday : 7:00 AM - 6:00 PM | Tuesday : 7:00 AM - 6:00 PM | Wednesday : 7:00 AM - 6:00 PM | Thursday : 7:00 AM - 6:00 PM | Friday : 7:00 AM - 6:00 PM | Saturday : 10:00 AM - 5:00 PM | Sunday :  - ,954-289-4330,,fortlauderdale@dogtopia.com,https://www.dogtopia.com/fortlauderdale-northeast,26.193325489647354,-80.1135886576721
18472,8th Ave - Nashville,1802 8th Avenue S.,Nashville,Tennessee,Monday : 6:30 AM - 7:00 PM | Tuesday : 6:30 AM - 7:00 PM | Wednesday : 6:30 AM - 7:00 PM | Thursday : 6:30 AM - 7:00 PM | Friday : 6:30 AM - 7:00 PM | Saturday :  -  | Sunday :  - ,615-486-2626,,8thave@dogtopia.com,https://www.dogtopia.com/8thave-nashville,36.13576,-86.77854500000001
18440,Harbor Steps,1300 Post Alley,Seattle,Washington,Monday : 7:00 AM - 7:00 PM | Tuesday : 7:00 AM - 7:00 PM | Wednesday : 7:00 AM - 7:00 PM | Thursday : 7:00 AM - 7:00 PM | Friday : 7:00 AM - 7:00 PM | Saturday : 10:00 AM - 5:00 PM | Sunday :  - ,206-485-7568,,harborsteps@dogtopia.com,https://www.dogtopia.com/seattle-harborsteps,47.60665689999999,-122.339167
18435,Columbus-Downtown,406 E Main Street,Columbus,Ohio,Monday : 6:00 AM - 7:00 PM | Tuesday : 6:00 AM - 7:00 PM | Wednesday : 6:00 AM - 7:00 PM | Thursday : 6:00 AM - 7:00 PM | Friday : 6:00 AM - 7:00 PM | Saturday : 10:00 AM - 5:00 PM | Sunday : 10:00 AM - 5:00 PM,614-254-6722,,columbusdowntown@dogtopia.com,https://www.dogtopia.com/columbus-downtown,39.9576494,-82.98905460000003
18402,Meridian North,9445 N Meridian St,Indianapolis,Indiana,Monday : 7:00 AM - 7:00 PM | Tuesday : 7:00 AM - 7:00 PM | Wednesday : 7:00 AM - 7:00 PM | Thursday : 7:00 AM - 7:00 PM | Friday : 7:00 AM - 7:00 PM | Saturday : 10:00 AM - 5:00 PM | Sunday :  - ,317-280-3877,,meridian.north@dogtopia.com,https://www.dogtopia.com/meridian-north,39.925366,-86.15604059999998
18392,Omaha Northwest,15504 Spaulding Plaza c03,Omaha,Nebraska,Monday : 6:30 AM - 7:00 PM | Tuesday : 6:30 AM - 7:00 PM | Wednesday : 6:30 AM - 7:00 PM | Thursday : 6:30 AM - 7:00 PM | Friday : 6:30 AM - 7:00 PM | Saturday : 10:00 AM - 5:00 PM | Sunday : 10:00 AM - 5:00 PM,(402) 496-4005,,omahanorthwest@dogtopia.com,https://www.dogtopia.com/omaha-northwest,41.2943235,-96.1562528
18389,McKinney,8416 Stacy Rd,McKinney,Texas,Monday : 7:00 AM - 7:00 PM | Tuesday : 7:00 AM - 7:00 PM | Wednesday : 7:00 AM - 7:00 PM | Thursday : 7:00 AM - 7:00 PM | Friday : 7:00 AM - 7:00 PM | Saturday : 10:00 AM - 5:00 PM | Sunday : 10:00 AM - 5:00 PM,972-954-2322,,mckinney@dogtopia.com,https://www.dogtopia.com/mckinney,33.1525462,-96.7236861
18386,Halifax,1464 Ironstone Lane,Halifax,Nova Scotia,Monday : 7:00 AM - 7:00 PM | Tuesday : 7:00 AM - 7:00 PM | Wednesday : 7:00 AM - 7:00 PM | Thursday : 7:00 AM - 7:00 PM | Friday : 7:00 AM - 7:00 PM | Saturday :  -  | Sunday :  - ,782-827-5828,,halifax@dogtopia.com,https://www.dogtopia.com/halifax,44.6443032,-63.57073489999999
18384,Holladay,1977 E Murray Holladay Rd,Salt Lake City,Utah,Monday : 7:00 AM - 7:00 PM | Tuesday : 7:00 AM - 7:00 PM | Wednesday : 7:00 AM - 7:00 PM | Thursday : 7:00 AM - 7:00 PM | Friday : 7:00 AM - 7:00 PM | Saturday : 8:00 AM - 5:00 PM | Sunday : 8:00 AM - 5:00 PM,801-998-2826,,holladay@dogtopia.com,https://www.dogtopia.com/holladay,40.6662903,-111.83502090000002
18376,Lionhead,8265 Financial Drive Unit 1,Brampton,Ontario,Monday : 7:00 AM - 7:00 PM | Tuesday : 7:00 AM - 7:00 PM | Wednesday : 7:00 AM - 7:00 PM | Thursday : 7:00 AM - 7:00 PM | Friday : 7:00 AM - 7:00 PM | Saturday : 9:00 AM - 3:00 PM | Sunday :  - ,647-317-1631,,lionhead@dogtopia.com,https://www.dogtopia.com/lionhead,43.63466440931988,-79.78913536644404
18358,Eau Claire,2706 Golf Rd,Eau Claire,Wisconsin,Monday : 7:00 AM - 7:00 PM | Tuesday : 7:00 AM - 7:00 PM | Wednesday : 7:00 AM - 7:00 PM | Thursday : 7:00 AM - 7:00 PM | Friday : 7:00 AM - 7:00 PM | Saturday : 10:00 AM - 5:00 PM | Sunday :  - ,7158616303,,eauclaire@dogtopia.com,https://www.dogtopia.com/eau-claire,44.77176310000001,-91.4624643
18319,South Chandler,4901 South Arizona Ave,Chandler,Arizona,Monday : 7:00 AM - 7:00 PM | Tuesday : 7:00 AM - 7:00 PM | Wednesday : 7:00 AM - 7:00 PM | Thursday : 7:00 AM - 7:00 PM | Friday : 7:00 AM - 7:00 PM | Saturday : 10:00 AM - 5:00 PM | Sunday : 10:00 AM - 5:00 PM,480-447-0655,,southchandler@dogtopia.com,https://www.dogtopia.com/south-chandler,33.2349012,-111.8409505
18307,Geneva,2423 Fargo Blvd,Geneva,Illinois,Monday : 7:00 AM - 7:00 PM | Tuesday : 7:00 AM - 7:00 PM | Wednesday : 7:00 AM - 7:00 PM | Thursday : 7:00 AM - 7:00 PM | Friday : 7:00 AM - 7:00 PM | Saturday : 9:00 AM - 2:00 PM | Sunday :  - ,630-283-1700,,geneva@dogtopia.com,https://www.dogtopia.com/geneva,41.876164,-88.34222399999999
18271,Charlottesville,"315 Rivanna Plaza Drive, #120",Charlottesville,Virginia,Monday : 6:30 AM - 7:30 PM | Tuesday : 6:30 AM - 7:30 PM | Wednesday : 6:30 AM - 7:30 PM | Thursday : 6:30 AM - 7:30 PM | Friday : 6:30 AM - 7:30 PM | Saturday : 10:00 AM - 5:00 PM | Sunday : 10:00 AM - 5:00 PM,434-922-1500,,charlottesville@dogtopia.com,https://www.dogtopia.com/charlottesville,38.0916246,-78.46879690000003
18265,Haywood Road,547 Haywood Road,Greenville,South Carolina,Monday : 6:30 AM - 7:00 PM | Tuesday : 6:30 AM - 7:00 PM | Wednesday : 6:30 AM - 7:00 PM | Thursday : 6:30 AM - 7:00 PM | Friday : 6:30 AM - 7:00 PM | Saturday : 10:00 AM - 5:00 PM | Sunday : 10:00 AM - 5:00 PM,864-326-3390,,haywoodroad@dogtopia.com,https://www.dogtopia.com/haywood-road,34.8464986,-82.34046459999999
18244,Crestview,"7301 Burnet Rd, Suite 110",Austin,Texas,Monday : 7:00 AM - 7:00 PM | Tuesday : 7:00 AM - 7:00 PM | Wednesday : 7:00 AM - 7:00 PM | Thursday : 7:00 AM - 7:00 PM | Friday : 7:00 AM - 7:00 PM | Saturday : 10:00 AM - 5:00 PM | Sunday : 10:00 AM - 5:00 PM,512-580-4880,,crestview@dogtopia.com,https://www.dogtopia.com/crestview,30.348111,-97.73428639999997
18240,Columbus-Dublin,2768 Festival Lane,Columbus,Ohio,Monday : 7:00 AM - 7:00 PM | Tuesday : 7:00 AM - 7:00 PM | Wednesday : 7:00 AM - 7:00 PM | Thursday : 7:00 AM - 7:00 PM | Friday : 7:00 AM - 7:00 PM | Saturday : 10:00 AM - 5:00 PM | Sunday : 10:00 AM - 5:00 PM,614-639-6555,,columbus.dublin@dogtopia.com,https://www.dogtopia.com/columbus-dublin,40.0934247,-83.09014339999999
18165,St. Peters - Cottleville,6140 Mid Rivers Mall Dr,St Peters,Missouri,Monday : 6:30 AM - 7:00 PM | Tuesday : 6:30 AM - 7:00 PM | Wednesday : 6:30 AM - 7:00 PM | Thursday : 6:30 AM - 7:00 PM | Friday : 6:30 AM - 7:00 PM | Saturday : 8:00 AM - 4:00 PM | Sunday : 8:00 AM - 4:00 PM,636-321-3245,,stpeters@dogtopia.com,https://www.dogtopia.com/stpeters-cottleville,38.74084939999999,-90.63222259999998
18082,Nasa,310 Genesis Blvd,Webster,TX,Monday : 7:00 AM - 7:00 PM | Tuesday : 7:00 AM - 7:00 PM | Wednesday : 7:00 AM - 7:00 PM | Thursday : 7:00 AM - 7:00 PM | Friday : 7:00 AM - 7:00 PM | Saturday : 7:00 AM - 7:00 PM | Sunday : 12:00 PM - 2:00 PM,832-403-2993,,nasa@dogtopia.com,https://www.dogtopia.com/webster-nasa,29.526165489281162,-95.13882094989015
18057,Fort Collins,2101 S College Avenue,Fort Collins,Colorado,Monday : 6:30 AM - 7:00 PM | Tuesday : 6:30 AM - 7:00 PM | Wednesday : 6:30 AM - 7:00 PM | Thursday : 6:30 AM - 7:00 PM | Friday : 6:30 AM - 7:00 PM | Saturday : 6:30 AM - 7:00 PM | Sunday : 6:30 AM - 7:00 PM,970-305-5715,,fortcollins@dogtopia.com,https://www.dogtopia.com/fort-collins,40.560536,-105.07743299999998
18041,Tanque Verde,7285 E. Tanque Verde Rd.,Tucson,Arizona,Monday : 5:00 AM - 10:00 PM | Tuesday : 5:00 AM - 10:00 PM | Wednesday : 5:00 AM - 10:00 PM | Thursday : 5:00 AM - 10:00 PM | Friday : 5:00 AM - 10:00 PM | Saturday : 5:00 AM - 10:00 PM | Sunday : 5:00 AM - 10:00 PM,520-834-8717,,tanqueverde@dogtopia.com,https://www.dogtopia.com/tanque-verde,32.2513162,-110.83700049999999
17952,Rocklin,6671 Stanford Ranch Rd Suite A,Rocklin,California,Monday : 7:00 AM - 6:30 PM | Tuesday : 7:00 AM - 6:30 PM | Wednesday : 7:00 AM - 6:30 PM | Thursday : 7:00 AM - 6:30 PM | Friday : 7:00 AM - 6:30 PM | Saturday : 9:00 AM - 1:00 PM | Sunday :  - ,916-229-9994,,rocklin@dogtopia.com,https://www.dogtopia.com/rocklin,38.78222900000001,-121.26331299999998
17950,Deer Park,21540 W. Field Parkway,Deer Park,Illinois,Monday : 7:00 AM - 7:00 PM | Tuesday : 7:00 AM - 7:00 PM | Wednesday : 7:00 AM - 7:00 PM | Thursday : 7:00 AM - 7:00 PM | Friday : 7:00 AM - 7:00 PM | Saturday : 10:00 AM - 4:00 PM | Sunday :  - ,847-607-1245,,deerpark@dogtopia.com,https://www.dogtopia.com/deer-park,42.15792049999999,-88.0543201
17920,Pittsburgh - Eastside,6620 Hamilton Ave,Pittsburgh,Pennsylvania,Monday : 7:00 AM - 7:00 PM | Tuesday : 7:00 AM - 7:00 PM | Wednesday : 7:00 AM - 7:00 PM | Thursday : 7:00 AM - 7:00 PM | Friday : 7:00 AM - 7:00 PM | Saturday :  -  | Sunday :  - ,412-515-3032,,pittsburgheastside@dogtopia.com,https://www.dogtopia.com/pittsburgh-eastside,40.4573397,-79.90996439999998
17441,Pickering,1099 Kingston Rd Unit 7,Pickering,Ontario,Monday : 7:00 AM - 7:00 PM | Tuesday : 7:00 AM - 7:00 PM | Wednesday : 7:00 AM - 7:00 PM | Thursday : 7:00 AM - 7:00 PM | Friday : 7:00 AM - 7:00 PM | Saturday : 9:00 AM - 3:00 PM | Sunday :  - ,647-317-0901,,pickering@dogtopia.com,https://www.dogtopia.com/pickering,43.82805882310575,-79.09729207890018
17440,South Elgin,580 Randall Road,South Elgin,Illinois,Monday : 7:00 AM - 7:00 PM | Tuesday : 7:00 AM - 7:00 PM | Wednesday : 7:00 AM - 7:00 PM | Thursday : 7:00 AM - 7:00 PM | Friday : 7:00 AM - 7:00 PM | Saturday : 10:00 AM - 5:00 PM | Sunday : 10:00 AM - 5:00 PM,630-538-3155,,southelgin@dogtopia.com,https://www.dogtopia.com/south-elgin,41.9727632,-88.3406503
17224,South Austin,"6705 Hwy 290 West, Suite 302",Austin,Texas,Monday : 7:00 AM - 7:00 PM | Tuesday : 7:00 AM - 7:00 PM | Wednesday : 7:00 AM - 7:00 PM | Thursday : 7:00 AM - 7:00 PM | Friday : 7:00 AM - 7:00 PM | Saturday : 10:00 AM - 5:00 PM | Sunday : 10:00 AM - 5:00 PM,512-692-4747,,southaustin@dogtopia.com,https://www.dogtopia.com/austin-south,30.234017854623247,-97.8665646447418
17135,Dallas – Inwood,13520 Inwood Rd.,Farmers Branch,Texas,Monday : 7:00 AM - 7:00 PM | Tuesday : 7:00 AM - 7:00 PM | Wednesday : 7:00 AM - 7:00 PM | Thursday : 7:00 AM - 7:00 PM | Friday : 7:00 AM - 7:00 PM | Saturday : 10:00 AM - 5:00 PM | Sunday : 10:00 AM - 5:00 PM,214-328-3206,,dallasinwood@dogtopia.com,https://www.dogtopia.com/dallas-inwood,32.9316689,-96.82232970000001
17055,Fort Mill,829 Stockbridge Drive,Fort Mill,South Carolina,Monday : 7:00 AM - 7:00 PM | Tuesday : 7:00 AM - 7:00 PM | Wednesday : 7:00 AM - 7:00 PM | Thursday : 7:00 AM - 7:00 PM | Friday : 7:00 AM - 7:00 PM | Saturday : 10:00 AM - 5:00 PM | Sunday : 10:00 AM - 3:00 PM,803-620-4990,,fortmill@dogtopia.com,https://www.dogtopia.com/fort-mill,35.0623963,-80.9945444
17050,South Bay,2360 W 205th Street,Torrance,California,Monday : 6:30 AM - 7:00 PM | Tuesday : 6:30 AM - 7:00 PM | Wednesday : 6:30 AM - 7:00 PM | Thursday : 6:30 AM - 7:00 PM | Friday : 6:30 AM - 7:00 PM | Saturday : 10:00 AM - 5:00 PM | Sunday : 10:00 AM - 5:00 PM,310-953-9321,,southbay@dogtopia.com,https://www.dogtopia.com/torrance-south-bay,33.8450603,-118.3264011
17767,Limerick,"33 W. Ridge Pike, Suite 387",Limerick,Pennsylvania,Monday : 7:30 AM - 4:00 PM | Tuesday : 7:30 AM - 4:00 PM | Wednesday : 7:30 AM - 4:00 PM | Thursday : 7:30 AM - 4:00 PM | Friday : 7:30 AM - 4:00 PM | Saturday :  -  | Sunday :  - ,610-200-6441,,Limerick@dogtopia.com,https://www.dogtopia.com/limerick,40.21601121140885,-75.50241853134611
16615,Gilbert,207 E Williams Field Rd,Gilbert,Arizona,Monday : 7:00 AM - 7:00 PM | Tuesday : 7:00 AM - 7:00 PM | Wednesday : 7:00 AM - 7:00 PM | Thursday : 7:00 AM - 7:00 PM | Friday : 7:00 AM - 7:00 PM | Saturday : 10:00 AM - 5:00 PM | Sunday :  - ,480-424-5224,,gilbert@dogtopia.com,https://www.dogtopia.com/gilbert,33.30585930000001,-111.7853609
17766,Frederick,4959 Westview Dr Suite C,Frederick,MD,Monday : 6:30 AM - 7:30 PM | Tuesday : 6:30 AM - 7:30 PM | Wednesday : 6:30 AM - 7:30 PM | Thursday : 6:30 AM - 7:30 PM | Friday : 6:30 AM - 7:30 PM | Saturday : 9:00 AM - 5:00 PM | Sunday : 10:00 AM - 2:00 PM,301-732-7372,,frederick@dogtopia.com,https://www.dogtopia.com/frederick,39.3693567,-77.41435919999998
17765,Dublin,8000 Amador Valley Blvd,Dublin,California,Monday : 7:00 AM - 6:00 PM | Tuesday : 7:00 AM - 6:00 PM | Wednesday : 7:00 AM - 6:00 PM | Thursday : 7:00 AM - 6:00 PM | Friday : 7:00 AM - 6:00 PM | Saturday : 10:00 AM - 5:00 PM | Sunday :  - ,925-587-4048,,dublin@dogtopia.com,https://www.dogtopia.com/dublin-ca,37.70543,-121.93613729999998
17764,Orlando - Winter Park,5477 Lake Howell Road,Winter Park,FL,Monday : 7:00 AM - 7:00 PM | Tuesday : 7:00 AM - 7:00 PM | Wednesday : 7:00 AM - 7:00 PM | Thursday : 7:00 AM - 7:00 PM | Friday : 7:00 AM - 7:00 PM | Saturday : 10:00 AM - 6:00 PM | Sunday : 10:00 AM - 6:00 PM,4079561557,,winterpark@dogtopia.com,https://www.dogtopia.com/orlando-winter-park,28.623083,-81.32472
16042,Grand Rapids,2321 E. Beltline Ave NE Suite H.,Grand Rapids,Michigan,Monday : 7:00 AM - 7:00 PM | Tuesday : 7:00 AM - 7:00 PM | Wednesday : 7:00 AM - 7:00 PM | Thursday : 7:00 AM - 7:00 PM | Friday : 7:00 AM - 7:00 PM | Saturday : 9:00 AM - 5:00 PM | Sunday : 9:00 AM - 5:00 PM,616-222-1630,,grandrapids@dogtopia.com,https://www.dogtopia.com/grand-rapids,43.0061749,-85.59072600000002
15662,Redmond,"2690 152nd Avenue NE, Suite #110",Redmond,Washington,Monday : 7:00 AM - 7:00 PM | Tuesday : 7:00 AM - 7:00 PM | Wednesday : 7:00 AM - 7:00 PM | Thursday : 7:00 AM - 7:00 PM | Friday : 7:00 AM - 7:00 PM | Saturday : 9:00 AM - 5:00 PM | Sunday : 9:00 AM - 5:00 PM,425-201-7373,,Redmond@dogtopia.com,https://www.dogtopia.com/redmond,47.6337234,-122.1369454
15165,Ellisville,15400 Manchester Rd,Ellisville,Missouri,Monday : 6:30 AM - 7:00 PM | Tuesday : 6:30 AM - 7:00 PM | Wednesday : 6:30 AM - 7:00 PM | Thursday : 6:30 AM - 7:00 PM | Friday : 6:30 AM - 7:00 PM | Saturday : 10:00 AM - 5:00 PM | Sunday : 10:00 AM - 2:00 PM,636-220-7084,,ellisville@dogtopia.com,https://www.dogtopia.com/ellisville,38.5928128,-90.56215689999999
14906,Round Rock,"1500 South A.W. Grimes Boulevard, Suite 150",Round Rock,Texas,Monday : 7:00 AM - 7:00 PM | Tuesday : 7:00 AM - 7:00 PM | Wednesday : 7:00 AM - 7:00 PM | Thursday : 7:00 AM - 7:00 PM | Friday : 7:00 AM - 7:00 PM | Saturday : 10:00 AM - 5:00 PM | Sunday : 11:00 AM - 2:00 PM,512-333-1145,,RoundRock@dogtopia.com,https://www.dogtopia.com/roundrock,30.497978,-97.65705300000002
14841,The Woodlands North,463 FM 1488,Conroe,Texas,Monday : 6:30 AM - 7:00 PM | Tuesday : 6:30 AM - 7:00 PM | Wednesday : 6:30 AM - 7:00 PM | Thursday : 6:30 AM - 7:00 PM | Friday : 6:30 AM - 7:00 PM | Saturday : 8:00 AM - 4:00 PM | Sunday : 12:00 PM - 4:00 PM,832-308-3664,,thewoodlandsnorth@dogtopia.com,https://www.dogtopia.com/thewoodlandsnorth,30.2356038,-95.4652322
14163,Oakbrook-Terrace,17W711 E Roosevelt Rd,Oakbrook Terrace,Illinois,Monday : 7:00 AM - 7:00 PM | Tuesday : 7:00 AM - 7:00 PM | Wednesday : 7:00 AM - 7:00 PM | Thursday : 7:00 AM - 7:00 PM | Friday : 7:00 AM - 7:00 PM | Saturday :  -  | Sunday :  - ,630-835-0108,,oakbrookterrace@dogtopia.com,https://www.dogtopia.com/oakbrook-terrace,41.85880522619192,-87.97586479867249
13623,Edmond,"3409 S Broadway, Suite 950",Edmond,Oklahoma,Monday : 7:00 AM - 7:00 PM | Tuesday : 7:00 AM - 7:00 PM | Wednesday : 7:00 AM - 7:00 PM | Thursday : 7:00 AM - 7:00 PM | Friday : 7:00 AM - 7:00 PM | Saturday : 10:00 AM - 5:00 PM | Sunday : 10:00 AM - 5:00 PM,405-345-7268,,Edmond@dogtopia.com,https://www.dogtopia.com/edmond,35.62240989999999,-97.488317
17763,Carriage Crossing,10319 East Shelby Drive,Collierville,Tennessee,Monday : 6:30 AM - 8:00 PM | Tuesday : 6:30 AM - 8:00 PM | Wednesday : 6:30 AM - 8:00 PM | Thursday : 6:30 AM - 8:00 PM | Friday : 6:30 AM - 8:00 PM | Saturday : 6:30 AM - 8:00 PM | Sunday : 6:30 AM - 8:00 PM,901-443-1880,,carriagecrossing@dogtopia.com,https://www.dogtopia.com/carriage-crossing,35.0186499,-89.7191489
13523,Sacramento - Nimbus Winery,"12401 Folsom Blvd., Suite 120",Rancho Cordova,CA,Monday : 7:00 AM - 6:00 PM | Tuesday : 7:00 AM - 6:00 PM | Wednesday : 7:00 AM - 6:00 PM | Thursday : 7:00 AM - 6:00 PM | Friday : 7:00 AM - 6:00 PM | Saturday : 9:00 AM - 1:00 PM | Sunday :  - ,(916) 764-DOGS (3647),,nimbuswinery@dogtopia.com,https://www.dogtopia.com/sacramento-nimbus-winery,38.6303857,-121.2155194
12616,Jacksonville at The Avenues,9365 Philips HWY,Jacksonville,Florida,Monday : 7:00 AM - 6:00 PM | Tuesday : 7:00 AM - 6:00 PM | Wednesday : 7:00 AM - 6:00 PM | Thursday : 7:00 AM - 6:00 PM | Friday : 7:00 AM - 6:00 PM | Saturday : 10:00 AM - 5:00 PM | Sunday : 10:00 AM - 5:00 PM,904-297-3247,,jaxavenues@dogtopia.com,https://www.dogtopia.com/jacksonville-southside,30.197226061789326,-81.56957815952455
12363,Hickory Plaza Nashville,5728 Hickory Plaza Dr,Nashville,Tennessee,Monday : 6:30 AM - 7:00 PM | Tuesday : 6:30 AM - 7:00 PM | Wednesday : 6:30 AM - 7:00 PM | Thursday : 6:30 AM - 7:00 PM | Friday : 6:30 AM - 7:00 PM | Saturday : 2:00 PM - 4:00 PM | Sunday : 2:00 PM - 4:00 PM,615-257-0222,,hickoryplaza@dogtopia.com,https://www.dogtopia.com/hickory-plaza-nashville,36.04677780000001,-86.71612170000003
12206,La Grange,1416 West 55th St,La Grange,Illinois,Monday : 7:00 AM - 7:00 PM | Tuesday : 7:00 AM - 7:00 PM | Wednesday : 7:00 AM - 7:00 PM | Thursday : 7:00 AM - 7:00 PM | Friday : 7:00 AM - 7:00 PM | Saturday : 10:00 AM - 3:00 PM | Sunday :  - ,708-581-8753,,lagrange@dogtopia.com,https://www.dogtopia.com/lagrange,41.790412,-87.88746100000003
12158,Downtown Calgary,109 17th Ave SE,Calgary,Alberta,Monday : 6:00 AM - 7:00 PM | Tuesday : 6:00 AM - 7:00 PM | Wednesday : 6:00 AM - 7:00 PM | Thursday : 6:00 AM - 7:00 PM | Friday : 6:00 AM - 7:00 PM | Saturday : 10:00 AM - 5:00 PM | Sunday : 11:00 AM - 2:00 PM,403-452-3355,,calgarydowntown@dogtopia.com,https://www.dogtopia.com/downtown-calgary,51.037611,-114.06316300000003
11957,Oro Valley,7621 North Oracle Road,Oro Valley,Arizona,Monday : 5:00 AM - 10:00 PM | Tuesday : 5:00 AM - 10:00 PM | Wednesday : 5:00 AM - 10:00 PM | Thursday : 5:00 AM - 10:00 PM | Friday : 5:00 AM - 10:00 PM | Saturday : 5:00 AM - 10:00 PM | Sunday : 5:00 AM - 10:00 PM,520-385-7382,,orovalley@dogtopia.com,https://www.dogtopia.com/oro-valley,32.3458096,-110.97795659999997
11938,Downers Grove,909 Ogden Avenue,Downers Grove,Illinois,Monday : 7:00 AM - 7:00 PM | Tuesday : 7:00 AM - 7:00 PM | Wednesday : 7:00 AM - 7:00 PM | Thursday : 7:00 AM - 7:00 PM | Friday : 7:00 AM - 7:00 PM | Saturday : 9:00 AM - 5:00 PM | Sunday :  - ,630-795-0099,,downersgrove@dogtopia.com,https://www.dogtopia.com/downers-grove,41.808516,-88.00813869999999
11937,New Orleans,9501 Airline Hwy,New Orleans,Louisiana,Monday : 6:30 AM - 7:30 PM | Tuesday : 6:30 AM - 7:30 PM | Wednesday : 6:30 AM - 7:30 PM | Thursday : 6:30 AM - 7:30 PM | Friday : 6:30 AM - 7:30 PM | Saturday : 10:00 AM - 5:00 PM | Sunday : 10:00 AM - 5:00 PM,504-291-2777,,neworleans@dogtopia.com,https://www.dogtopia.com/new-orleans,29.9724847,-90.12489049999999
11593,Northville,20510 Haggerty Road,Northville,Michigan,Monday : 6:30 AM - 7:00 PM | Tuesday : 6:30 AM - 7:00 PM | Wednesday : 6:30 AM - 7:00 PM | Thursday : 6:30 AM - 7:00 PM | Friday : 6:30 AM - 7:00 PM | Saturday : 10:00 AM - 5:00 PM | Sunday : 10:00 AM - 5:00 PM,248-289-3507,,northville@dogtopia.com,https://www.dogtopia.com/northville,42.437425,-83.43443300000001
11591,Albuquerque West,3301 Coors Boulevard Northwest S-17,Albuquerque,New Mexico,Monday : 6:30 AM - 7:00 PM | Tuesday : 6:30 AM - 7:00 PM | Wednesday : 6:30 AM - 7:00 PM | Thursday : 6:30 AM - 7:00 PM | Friday : 6:30 AM - 7:00 PM | Saturday : 10:00 AM - 5:00 PM | Sunday : 10:00 AM - 5:00 PM,505-365-1512,,albuquerquewest@dogtopia.com,https://www.dogtopia.com/albuquerque-west,35.11994889999999,-106.70303619999999
11501,Brampton,17 Worthington Avenue Unit #21,Brampton,Ontario,Monday : 7:00 AM - 7:00 PM | Tuesday : 7:00 AM - 7:00 PM | Wednesday : 7:00 AM - 7:00 PM | Thursday : 7:00 AM - 7:00 PM | Friday : 7:00 AM - 7:00 PM | Saturday : 9:00 AM - 3:00 PM | Sunday :  - ,289-948-1205,,brampton@dogtopia.com,https://www.dogtopia.com/brampton,43.6819158,-79.81549159999997
11500,Bloor West,2487 Bloor St W,Toronto,Ontario,Monday : 7:00 AM - 7:00 PM | Tuesday : 7:00 AM - 7:00 PM | Wednesday : 7:00 AM - 7:00 PM | Thursday : 7:00 AM - 7:00 PM | Friday : 7:00 AM - 7:00 PM | Saturday :  -  | Sunday :  - ,437-317-4380,,bloorwest@dogtopia.com,https://www.dogtopia.com/bloor-west,43.6478071,-79.48605359999999
11360,Arcadia,3031 East Indian School Road,Phoenix,Arizona,Monday : 6:30 AM - 7:00 PM | Tuesday : 6:30 AM - 7:00 PM | Wednesday : 6:30 AM - 7:00 PM | Thursday : 6:30 AM - 7:00 PM | Friday : 6:30 AM - 7:00 PM | Saturday : 8:00 AM - 5:00 PM | Sunday : 12:00 PM - 4:00 PM,480-405-9646,,arcadia@dogtopia.com,https://www.dogtopia.com/phoenix-arcadia,33.4950096,-112.01640529999997
11359,Jacksonville South Bank,1075 Hendricks Avenue,Jacksonville,Florida,Monday : 6:30 AM - 7:30 PM | Tuesday : 6:30 AM - 7:30 PM | Wednesday : 6:30 AM - 7:30 PM | Thursday : 6:30 AM - 7:30 PM | Friday : 6:30 AM - 7:30 PM | Saturday : 10:00 AM - 2:00 PM | Sunday : 10:00 AM - 2:00 PM,904-600-3810,,jaxsouthbank@dogtopia.com,https://www.dogtopia.com/jacksonville-southbank,30.3146827,-81.65437500000002
11221,Stoughton,284 Washington Street,Stoughton,Massachusetts,Monday :  -  | Tuesday :  -  | Wednesday :  -  | Thursday :  -  | Friday :  -  | Saturday :  -  | Sunday :  - ,617-241-3999,,stoughton@dogtopia.com,https://www.dogtopia.com/stoughton,42.1382664,-71.10000919999999
10763,Pewaukee,"W238N1700 Rockwood Dr, Suite B",Pewaukee,Wisconsin,Monday : 6:30 AM - 7:00 PM | Tuesday : 6:30 AM - 7:00 PM | Wednesday : 6:30 AM - 7:00 PM | Thursday : 6:30 AM - 7:00 PM | Friday : 6:30 AM - 7:00 PM | Saturday : 10:00 AM - 5:00 PM | Sunday : 8:00 AM - 10:00 AM,262-244-5366,262-288-1009,pewaukee@dogtopia.com,https://www.dogtopia.com/pewaukee,43.05597325082292,-88.22245870503235
10762,San Jose,1191 Branham Lane,San Jose,California,Monday : 7:00 AM - 7:00 PM | Tuesday : 7:00 AM - 7:00 PM | Wednesday : 7:00 AM - 7:00 PM | Thursday : 7:00 AM - 7:00 PM | Friday : 7:00 AM - 7:00 PM | Saturday : 8:00 AM - 6:00 PM | Sunday : 8:00 AM - 6:00 PM,408-659-3065,,sanjose@dogtopia.com,https://www.dogtopia.com/san-jose,37.262868867413765,-121.87921044685055
10747,Overland Park,6905 W. 135th Street,Overland Park,Kansas,Monday : 6:30 AM - 7:00 PM | Tuesday : 6:30 AM - 7:00 PM | Wednesday : 6:30 AM - 7:00 PM | Thursday : 6:30 AM - 7:00 PM | Friday : 6:30 AM - 7:00 PM | Saturday : 10:00 AM - 5:00 PM | Sunday : 4:00 PM - 5:00 PM,913-274-9033,,overlandpark@dogtopia.com,https://www.dogtopia.com/kansas-overland-park,38.88002849999999,-94.66443290000001
10737,Newmarket,"17480 Yonge street, unit C1-A,",Newmarket,Ontario,Monday : 7:00 AM - 7:00 PM | Tuesday : 7:00 AM - 7:00 PM | Wednesday : 7:00 AM - 7:00 PM | Thursday : 7:00 AM - 7:00 PM | Friday : 7:00 AM - 7:00 PM | Saturday :  -  | Sunday :  - ,289-317-1448,,newmarket@dogtopia.com,https://www.dogtopia.com/newmarket,44.05456179999999,-79.48125140000002
10736,Plano,"1501 Preston Road, Suite 600",Plano,Texas,Monday :  -  | Tuesday :  -  | Wednesday :  -  | Thursday :  -  | Friday :  -  | Saturday :  -  | Sunday :  - ,972-752-8204,,plano@dogtopia.com,https://www.dogtopia.com/texas-plano,33.01904650408395,-96.79622170783688
10477,Baton Rouge,7150 Jefferson HWY,Baton Rouge,Louisiana,Monday : 7:00 AM - 6:00 PM | Tuesday : 7:00 AM - 6:00 PM | Wednesday : 7:00 AM - 6:00 PM | Thursday : 7:00 AM - 6:00 PM | Friday : 7:00 AM - 6:00 PM | Saturday : 10:00 AM - 5:00 PM | Sunday : 11:00 AM - 2:00 PM,225-224-8585,,batonrouge@dogtopia.com,https://www.dogtopia.com/baton-rouge,30.4333014,-91.11414430000002
10270,Omaha-West,14485 West Center Road,Omaha,Nebraska,Monday : 6:30 AM - 7:00 PM | Tuesday : 6:30 AM - 7:00 PM | Wednesday : 6:30 AM - 7:00 PM | Thursday : 6:30 AM - 7:00 PM | Friday : 6:30 AM - 7:00 PM | Saturday : 10:00 AM - 5:00 PM | Sunday : 10:00 AM - 5:00 PM,402-204-3556,,omahawest@dogtopia.com,https://www.dogtopia.com/omaha-west,41.23228543477736,-96.14208268545838
10161,Blackfoot,"Bay #7, 510 - 77 th Avenue S.E.",Calgary,Alberta,Monday :  -  | Tuesday :  -  | Wednesday :  -  | Thursday :  -  | Friday :  -  | Saturday :  -  | Sunday :  - ,403-217-8737,,blackfoot@dogtopia.com,https://www.dogtopia.com/blackfoot,50.9856784,-114.05191059999999
10016,Edmonton Downtown,10529 - 116 Street NW,Edmonton,Alberta,Monday : 6:30 AM - 7:00 PM | Tuesday : 6:30 AM - 7:00 PM | Wednesday : 6:30 AM - 7:00 PM | Thursday : 6:30 AM - 7:00 PM | Friday : 6:30 AM - 7:00 PM | Saturday :  -  | Sunday :  - ,780-970-2663,,edmonton@dogtopia.com,https://www.dogtopia.com/edmonton-downtown,53.548539,-113.52062899999999
9877,Houston-Galleria,6240 Westheimer Road,Houston,Texas,Monday : 7:00 AM - 7:00 PM | Tuesday : 7:00 AM - 7:00 PM | Wednesday : 7:00 AM - 7:00 PM | Thursday : 7:00 AM - 7:00 PM | Friday : 7:00 AM - 7:00 PM | Saturday : 7:00 AM - 7:00 PM | Sunday : 7:00 AM - 7:00 PM,(346) 209-2720,,galleria@dogtopia.com,https://www.dogtopia.com/houston-galleria,29.7380673,-95.49447479999998
9826,Midlothian,13615 Hull Street Road,Midlothian,Virginia,Monday : 6:30 AM - 7:30 PM | Tuesday : 6:30 AM - 7:30 PM | Wednesday : 6:30 AM - 7:30 PM | Thursday : 6:30 AM - 7:30 PM | Friday : 6:30 AM - 7:30 PM | Saturday : 10:00 AM - 5:00 PM | Sunday : 10:00 AM - 5:00 PM,804-482-8099,,midlothian@dogtopia.com,https://www.dogtopia.com/midlothian,37.4084423,-77.65322579999997
9527,Lexington South,3801 Nicholasville Centre Drive,Lexington,Kentucky,Monday : 7:00 AM - 7:00 PM | Tuesday : 7:00 AM - 7:00 PM | Wednesday : 7:00 AM - 7:00 PM | Thursday : 7:00 AM - 7:00 PM | Friday : 7:00 AM - 7:00 PM | Saturday : 10:00 AM - 5:00 PM | Sunday : 10:00 AM - 4:00 PM,859-755-4777,,lexingtonsouth@dogtopia.com,https://www.dogtopia.com/lexington-south,37.98372854481511,-84.5283824465576
9408,Bloomington,5208 W 84th St,Bloomington,Minnesota,Monday : 7:00 AM - 7:00 PM | Tuesday : 7:00 AM - 7:00 PM | Wednesday : 7:00 AM - 7:00 PM | Thursday : 7:00 AM - 7:00 PM | Friday : 7:00 AM - 7:00 PM | Saturday : 10:00 AM - 5:00 PM | Sunday : 10:00 AM - 5:00 PM,612-814-0616,,bloomington@dogtopia.com,https://www.dogtopia.com/bloomington,44.85176389999999,-93.34708760000001
9407,Edmonton International Airport,"Airport Road, Edmonton International Airport",Edmonton,Alberta,Monday :  -  | Tuesday :  -  | Wednesday :  -  | Thursday :  -  | Friday :  -  | Saturday :  -  | Sunday :  - ,780-970-2663,,edmonton@dogtopia.com,https://www.dogtopia.com/edmonton-international-airport,53.306478976406865,-113.57319361049804
9393,Louisville Hurstbourne,221 South Hurstbourne Parkway Suite 101,Louisville,Kentucky,Monday : 7:00 AM - 7:00 PM | Tuesday : 7:00 AM - 7:00 PM | Wednesday : 7:00 AM - 7:00 PM | Thursday : 7:00 AM - 7:00 PM | Friday : 7:00 AM - 7:00 PM | Saturday : 10:00 AM - 5:00 PM | Sunday : 10:00 AM - 4:00 PM,502-554-9661,,hurstbourne@dogtopia.com,https://www.dogtopia.com/louisville-hurstbourne,38.24197950000001,-85.57622609999999
9050,Burlington,2020 Appleby Line Unit #B8,Burlington,Ontario,Monday : 7:00 AM - 7:00 PM | Tuesday : 7:00 AM - 7:00 PM | Wednesday : 7:00 AM - 7:00 PM | Thursday : 7:00 AM - 7:00 PM | Friday : 7:00 AM - 7:00 PM | Saturday : 9:00 AM - 3:00 PM | Sunday :  - ,289-812-6550,,burlington@dogtopia.com,https://www.dogtopia.com/burlington,43.3943762,-79.79492719999996
8506,Highland Village,1830 FM 407,Highland Village,Texas,Monday : 6:30 AM - 7:00 PM | Tuesday : 6:30 AM - 7:00 PM | Wednesday : 6:30 AM - 7:00 PM | Thursday : 6:30 AM - 7:00 PM | Friday : 6:30 AM - 7:00 PM | Saturday : 8:00 AM - 5:00 PM | Sunday : 8:00 AM - 5:00 PM,972-264-1178,,highlandvillage@dogtopia.com,https://www.dogtopia.com/highland-village,33.0724376,-97.04488409999999
7809,Gainesville,5615 Wellington Road,Gainesville,Virginia,Monday : 5:30 AM - 7:00 PM | Tuesday : 5:30 AM - 7:00 PM | Wednesday : 5:30 AM - 7:00 PM | Thursday : 5:30 AM - 7:00 PM | Friday : 5:30 AM - 7:00 PM | Saturday : 10:00 AM - 5:00 PM | Sunday : 10:00 AM - 5:00 PM,703-483-9444,703-348-8430,gainesville@dogtopia.com,https://www.dogtopia.com/gainesville,38.7929736,-77.59357360000001
7687,Scottsdale-Raintree,14747 North Northsight Blvd,Scottsdale,Arizona,Monday : 7:00 AM - 7:00 PM | Tuesday : 7:00 AM - 7:00 PM | Wednesday : 7:00 AM - 7:00 PM | Thursday : 7:00 AM - 7:00 PM | Friday : 7:00 AM - 7:00 PM | Saturday : 9:00 AM - 5:00 PM | Sunday : 10:00 AM - 2:00 PM,480-494-8833,,raintree@dogtopia.com,https://www.dogtopia.com/scottsdale-raintree,33.61902328320639,-111.89623714841002
6837,New Rochelle,505 5th Avenue,New Rochelle,New York,Monday : 7:00 AM - 7:00 PM | Tuesday : 7:00 AM - 7:00 PM | Wednesday : 7:00 AM - 7:00 PM | Thursday : 7:00 AM - 7:00 PM | Friday : 7:00 AM - 7:00 PM | Saturday : 8:00 AM - 5:00 PM | Sunday :  - ,914-908-4707,,newrochelle@dogtopia.com,https://www.dogtopia.com/new-rochelle,40.929264,-73.77054799999996
2663,Meadowvale,"1840 Argentia Rd, Unit 1B",Mississauga,Ontario,Monday : 7:00 AM - 7:00 PM | Tuesday : 7:00 AM - 7:00 PM | Wednesday : 7:00 AM - 7:00 PM | Thursday : 7:00 AM - 7:00 PM | Friday : 7:00 AM - 7:00 PM | Saturday : 9:00 AM - 3:00 PM | Sunday :  - ,905-362-9308,,meadowvale@dogtopia.com,https://www.dogtopia.com/mississauga-meadowvale,43.6028197,-79.7367751460327
2429,Birmingham,2300 Cole Street,Birmingham,Michigan,Monday : 7:00 AM - 7:00 PM | Tuesday : 7:00 AM - 7:00 PM | Wednesday : 7:00 AM - 7:00 PM | Thursday : 7:00 AM - 7:00 PM | Friday : 7:00 AM - 7:00 PM | Saturday : 10:00 AM - 5:00 PM | Sunday : 10:00 AM - 5:00 PM,248-897-0280,,birmingham@dogtopia.com,https://www.dogtopia.com/birmingham,42.539985,-83.192184
2426,Commerce,3050 Union Lake Road #7a,Commerce,Michigan,Monday : 7:00 AM - 7:00 PM | Tuesday : 7:00 AM - 7:00 PM | Wednesday : 7:00 AM - 7:00 PM | Thursday : 7:00 AM - 7:00 PM | Friday : 7:00 AM - 7:00 PM | Saturday : 9:00 AM - 5:00 PM | Sunday :  - ,248-897-0300,,commerce@dogtopia.com,https://www.dogtopia.com/commerce,42.5907501,-83.44741899999997
2423,Utica,45509 Schoenherr Rd,Utica,Michigan,Monday : 7:00 AM - 7:00 PM | Tuesday : 7:00 AM - 7:00 PM | Wednesday : 7:00 AM - 7:00 PM | Thursday : 7:00 AM - 7:00 PM | Friday : 7:00 AM - 7:00 PM | Saturday : 9:00 AM - 5:00 PM | Sunday :  - ,(586) 413-9500,,utica@dogtopia.com,https://www.dogtopia.com/utica,42.6302021,-82.99341709999999
2420,Bloomfield Hills,1685 S Telegraph Road,Bloomfield Hills,Michigan,Monday : 7:00 AM - 7:00 PM | Tuesday : 7:00 AM - 7:00 PM | Wednesday : 7:00 AM - 7:00 PM | Thursday : 7:00 AM - 7:00 PM | Friday : 7:00 AM - 7:00 PM | Saturday : 10:00 AM - 5:00 PM | Sunday : 10:00 AM - 5:00 PM,248-897-0299,,bloomfield@dogtopia.com,https://www.dogtopia.com/bloomfield,42.6158179,-83.31208629999998
2408,Miramar,5260 Eastgate Mall,San Diego,California,Monday : 6:30 AM - 7:00 PM | Tuesday : 6:30 AM - 7:00 PM | Wednesday : 6:30 AM - 7:00 PM | Thursday : 6:30 AM - 7:00 PM | Friday : 6:30 AM - 7:00 PM | Saturday : 10:00 AM - 5:00 PM | Sunday :  - ,(858) 225-7072,,miramar@dogtopia.com,https://www.dogtopia.com/san-diego-miramar,32.8825522,-117.1945748
2405,Anaheim Hills,4570 E. Eisenhower Circle,Anaheim,California,Monday : 6:30 AM - 6:00 PM | Tuesday : 6:30 AM - 6:00 PM | Wednesday : 6:30 AM - 6:00 PM | Thursday : 6:30 AM - 6:00 PM | Friday : 6:30 AM - 6:00 PM | Saturday : 8:00 AM - 5:00 PM | Sunday : 8:00 AM - 5:00 PM,(714) 706-3838,714-777-BARK,anaheimhills@dogtopia.com,https://www.dogtopia.com/anaheim-hills,33.864979,-117.81651899999997
2402,North Austin,13945 North Highway 183,Austin,Texas,Monday : 7:00 AM - 7:00 PM | Tuesday : 7:00 AM - 7:00 PM | Wednesday : 7:00 AM - 7:00 PM | Thursday : 7:00 AM - 7:00 PM | Friday : 7:00 AM - 7:00 PM | Saturday : 10:00 AM - 5:00 PM | Sunday : 11:00 AM - 1:00 PM,(512) 333-1111,,northaustin@dogtopia.com,https://www.dogtopia.com/austin-north,30.4722997,-97.79670950000002
2399,Lafayette,300 W South Boulder Rd,Lafayette,Colorado,Monday : 6:30 AM - 7:00 PM | Tuesday : 6:30 AM - 7:00 PM | Wednesday : 6:30 AM - 7:00 PM | Thursday : 6:30 AM - 7:00 PM | Friday : 6:30 AM - 7:00 PM | Saturday : 9:00 AM - 5:00 PM | Sunday : 9:00 AM - 5:00 PM,(720) 263-4583,,Lafayette@dogtopia.com,https://www.dogtopia.com/lafayette,39.9867998,-105.0930912
2393,Madison West,3231 Laura Lane,Middleton,Wisconsin,Monday : 7:00 AM - 7:00 PM | Tuesday : 7:00 AM - 7:00 PM | Wednesday : 7:00 AM - 7:00 PM | Thursday : 7:00 AM - 7:00 PM | Friday : 7:00 AM - 7:00 PM | Saturday : 10:00 AM - 5:00 PM | Sunday : 11:00 AM - 2:00 PM,(608) 466-3338,608-829-PAWS,madisonwest@dogtopia.com,https://www.dogtopia.com/middleton-madison-west,43.110881,-89.51408200000003
2387,Highlands Ranch,6448 E County Line Rd,Highlands Ranch,Colorado,Monday : 6:30 AM - 7:00 PM | Tuesday : 6:30 AM - 7:00 PM | Wednesday : 6:30 AM - 7:00 PM | Thursday : 6:30 AM - 7:00 PM | Friday : 6:30 AM - 7:00 PM | Saturday : 9:00 AM - 5:00 PM | Sunday : 9:00 AM - 5:00 PM,(303) 835-4549,,highlandsranch@dogtopia.com,https://www.dogtopia.com/highlands-ranch,39.5654321,-104.91426260000003
2384,Omaha-Papillion,13239 Portal Drive Suite 103,Omaha,Nebraska,Monday : 6:30 AM - 7:00 PM | Tuesday : 6:30 AM - 7:00 PM | Wednesday : 6:30 AM - 7:00 PM | Thursday : 6:30 AM - 7:00 PM | Friday : 6:30 AM - 7:00 PM | Saturday : 10:00 AM - 5:00 PM | Sunday : 10:00 AM - 5:00 PM,(402) 817-2942,402-502-3550,papillion@dogtopia.com,https://www.dogtopia.com/omaha,41.1717888,-96.1215363
2381,Austin,"2105 RR 620 South, Suite 101",Austin,Texas,Monday : 7:00 AM - 7:00 PM | Tuesday : 7:00 AM - 7:00 PM | Wednesday : 7:00 AM - 7:00 PM | Thursday : 7:00 AM - 7:00 PM | Friday : 7:00 AM - 7:00 PM | Saturday : 10:00 AM - 5:00 PM | Sunday : 11:00 AM - 2:00 PM,512-298-6817,512-263-8233,austin@dogtopia.com,https://www.dogtopia.com/austin,30.342227147910673,-97.96577177486876
2378,San Marcos,925 W. San Marcos Blvd,San Marcos,California,Monday : 7:00 AM - 7:00 PM | Tuesday : 7:00 AM - 7:00 PM | Wednesday : 7:00 AM - 7:00 PM | Thursday : 7:00 AM - 7:00 PM | Friday : 7:00 AM - 7:00 PM | Saturday : 9:00 AM - 5:00 PM | Sunday : 10:00 AM - 2:00 PM,760-659-3298,,sanmarcos@dogtopia.com,https://www.dogtopia.com/san-marcos,33.13490329999999,-117.1854318
2375,Temecula,27629 Commerce Center Dr,Temecula,California,Monday : 7:00 AM - 7:00 PM | Tuesday : 7:00 AM - 7:00 PM | Wednesday : 7:00 AM - 7:00 PM | Thursday : 7:00 AM - 7:00 PM | Friday : 7:00 AM - 7:00 PM | Saturday : 9:00 AM - 5:00 PM | Sunday : 10:00 AM - 2:00 PM,951-587-2882,951-506-1255,temecula@dogtopia.com,https://www.dogtopia.com/temecula,33.5113123,-117.1624081
2372,Waco,"5301 Bosque Blvd, Ste 300",Waco,Texas,Monday : 7:00 AM - 7:00 PM | Tuesday : 7:00 AM - 7:00 PM | Wednesday : 7:00 AM - 7:00 PM | Thursday : 7:00 AM - 7:00 PM | Friday : 7:00 AM - 7:00 PM | Saturday : 10:00 AM - 5:00 PM | Sunday : 3:00 PM - 5:00 PM,(254) 633-2875,254-741-0011,waco@dogtopia.com,https://www.dogtopia.com/waco,31.5336357,-97.19468919999997
2369,Houston,1315 Waugh Drive,Houston,Texas,Monday : 7:00 AM - 7:00 PM | Tuesday : 7:00 AM - 7:00 PM | Wednesday : 7:00 AM - 7:00 PM | Thursday : 7:00 AM - 7:00 PM | Friday : 7:00 AM - 7:00 PM | Saturday : 9:00 AM - 5:00 PM | Sunday : 10:00 AM - 2:00 PM,(713) 522-8144,713-522-8155,houston@dogtopia.com,https://www.dogtopia.com/houston,29.7548527,-95.39771300000001
2181,Coquitlam,822 Brunette Avenue,Coquitlam,British Columbia,Monday : 6:00 AM - 7:00 PM | Tuesday : 6:00 AM - 7:00 PM | Wednesday : 6:00 AM - 7:00 PM | Thursday : 6:00 AM - 7:00 PM | Friday : 6:00 AM - 7:00 PM | Saturday : 9:00 AM - 5:00 PM | Sunday : 9:00 AM - 5:00 PM,778-397-1364,,coquitlam@dogtopia.com,https://www.dogtopia.com/coquitlam,49.2355862,-122.8738912
2172,Herndon,720 Jackson Street,Herndon,Virginia,Monday : 7:00 AM - 8:00 PM | Tuesday : 7:00 AM - 8:00 PM | Wednesday : 7:00 AM - 8:00 PM | Thursday : 7:00 AM - 8:00 PM | Friday : 7:00 AM - 8:00 PM | Saturday : 10:00 AM - 5:00 PM | Sunday : 2:00 PM - 5:00 PM,(703) 435-2544,(703) 394-2724,herndon@dogtopia.com,https://www.dogtopia.com/herndon,38.9697419,-77.381234
2169,Tysons Corner,"1524 Spring Hill Road, Suite EE",McLean,Virginia,Monday : 6:00 AM - 8:00 PM | Tuesday : 6:00 AM - 8:00 PM | Wednesday : 6:00 AM - 8:00 PM | Thursday : 6:00 AM - 8:00 PM | Friday : 6:00 AM - 8:00 PM | Saturday : 10:00 AM - 5:00 PM | Sunday : 10:00 AM - 5:00 PM,703-278-2135,703-719-8991,tysonscorner@dogtopia.com,https://www.dogtopia.com/mclean-tysons-corner,38.930197,-77.23665349999999
2166,Fredericksburg,4272 Plank Road,Fredericksburg,Virginia,Monday : 6:00 AM - 7:00 PM | Tuesday : 6:00 AM - 7:00 PM | Wednesday : 6:00 AM - 7:00 PM | Thursday : 6:00 AM - 7:00 PM | Friday : 6:00 AM - 7:00 PM | Saturday : 9:00 AM - 2:00 PM | Sunday : 11:00 PM - 2:00 PM,(540) 212-7306,540-412-9167,fredericksburg@dogtopia.com,https://www.dogtopia.com/fredericksburg,38.28891309999999,-77.53300230000002
2163,Springfield,"7401 Fullerton Road, Suite A",Springfield,Virginia,Monday : 6:00 AM - 7:00 PM | Tuesday : 6:00 AM - 7:00 PM | Wednesday : 6:00 AM - 7:00 PM | Thursday : 6:00 AM - 7:00 PM | Friday : 6:00 AM - 7:00 PM | Saturday : 9:00 AM - 5:00 PM | Sunday : 10:00 AM - 5:00 PM,(703) 982-0099,703-440-8144,springfield@dogtopia.com,https://www.dogtopia.com/springfield,38.741553,-77.200827
2160,Chesterfield,11004 Midlothian Turnpike,Richmond,Virginia,Monday : 6:30 AM - 7:30 PM | Tuesday : 6:30 AM - 7:30 PM | Wednesday : 6:30 AM - 7:30 PM | Thursday : 6:30 AM - 7:30 PM | Friday : 6:30 AM - 7:30 PM | Saturday : 10:00 AM - 5:00 PM | Sunday : 10:00 AM - 5:00 PM,(804) 313-9492,804-897-6049,chesterfield@dogtopia.com,https://www.dogtopia.com/richmond-chesterfield,37.5075001,-77.6005778
2157,Richmond (West End),7217 West Broad Street,Richmond,Virginia,Monday : 7:00 AM - 7:00 PM | Tuesday : 7:00 AM - 7:00 PM | Wednesday : 7:00 AM - 7:00 PM | Thursday : 7:00 AM - 7:00 PM | Friday : 7:00 AM - 7:00 PM | Saturday : 10:00 AM - 5:00 PM | Sunday : 11:00 AM - 2:00 PM,(804) 238-7064,804-672-8589,westend@dogdaycare.com,https://www.dogtopia.com/richmond-west-end,37.61333130000001,-77.52221359999999
2154,Woodbridge,14885 Persistence Drive,Woodbridge,Virginia,Monday : 6:00 AM - 7:00 PM | Tuesday : 6:00 AM - 7:00 PM | Wednesday : 6:00 AM - 7:00 PM | Thursday : 6:00 AM - 7:00 PM | Friday : 6:00 AM - 7:00 PM | Saturday : 10:00 AM - 5:00 PM | Sunday : 10:00 AM - 5:00 PM,703-278-2045,571-554-8940,woodbridge@dogtopia.com,https://www.dogtopia.com/woodbridge,38.6275407,-77.252929
2151,Canton,2706 O'Donnell Street,Baltimore,Maryland,Monday : 6:00 AM - 8:00 PM | Tuesday : 6:00 AM - 8:00 PM | Wednesday : 6:00 AM - 8:00 PM | Thursday : 6:00 AM - 8:00 PM | Friday : 6:00 AM - 8:00 PM | Saturday : 8:00 AM - 6:00 PM | Sunday : 8:00 AM - 6:00 PM,(240) 232-5523,,canton@dogtopia.com,https://www.dogtopia.com/baltimore-canton,39.2802563,-76.57799560000001
2142,Clarksville,12212 Clarksville Pike,Clarksville,Maryland,Monday : 7:00 AM - 7:00 PM | Tuesday : 7:00 AM - 7:00 PM | Wednesday : 7:00 AM - 7:00 PM | Thursday : 7:00 AM - 7:00 PM | Friday : 7:00 AM - 7:00 PM | Saturday : 10:00 AM - 5:00 PM | Sunday : 11:00 AM - 2:00 PM,(410) 670-8427,410-531-9267,clarksville@dogtopia.com,https://www.dogtopia.com/clarksville,39.212509,-76.93742299999997
2139,Westchase,11238 W. Hillsborough Ave,Tampa,Florida,Monday : 7:00 AM - 7:00 PM | Tuesday : 7:00 AM - 7:00 PM | Wednesday : 7:00 AM - 7:00 PM | Thursday : 7:00 AM - 7:00 PM | Friday : 7:00 AM - 7:00 PM | Saturday : 10:00 AM - 5:00 PM | Sunday : 10:00 AM - 5:00 PM,(813) 814-0302,813-814-1509,westchase@dogtopia.com,https://www.dogtopia.com/tampa-westchase,28.01130229999999,-82.60973059999998
2136,Wilmington,2101-A Concord Pike,Wilmington,Delaware,Monday : 7:00 AM - 7:00 PM | Tuesday : 7:00 AM - 7:00 PM | Wednesday : 7:00 AM - 7:00 PM | Thursday : 7:00 AM - 7:00 PM | Friday : 7:00 AM - 7:00 PM | Saturday : 10:00 AM - 5:00 PM | Sunday : 11:00 AM - 2:00 PM,302-414-0561,302-401-4956,wilmington@dogtopia.com,https://www.dogtopia.com/wilmington,39.7895713,-75.5463719
2091,Elsmere,319 New Road,Elsmere,Delaware,Monday : 7:00 AM - 7:00 PM | Tuesday : 7:00 AM - 7:00 PM | Wednesday : 7:00 AM - 7:00 PM | Thursday : 7:00 AM - 7:00 PM | Friday : 7:00 AM - 7:00 PM | Saturday : 10:00 AM - 5:00 PM | Sunday : 10:00 AM - 5:00 PM,(302) 414-0556,302-668-1436,elsmere@dogtopia.com,https://www.dogtopia.com/elsmere,39.7403841,-75.58878249999998
2085,White Flint,4920 Wyaconda Road,North Bethesda,Maryland,Monday : 7:00 AM - 7:00 PM | Tuesday : 7:00 AM - 7:00 PM | Wednesday : 7:00 AM - 7:00 PM | Thursday : 7:00 AM - 7:00 PM | Friday : 7:00 AM - 7:00 PM | Saturday : 10:00 AM - 5:00 PM | Sunday : 10:00 AM - 5:00 PM,(240) 389-5124,(410) 844-5679,whiteflint@dogtopia.com,https://www.dogtopia.com/north-bethesda-white-flint,39.043823,-77.09833100000003
2082,Old Bridge,7 Jocama Blvd,Old Bridge,New Jersey,Monday : 7:00 AM - 7:00 PM | Tuesday : 7:00 AM - 7:00 PM | Wednesday : 7:00 AM - 7:00 PM | Thursday : 7:00 AM - 7:00 PM | Friday : 7:00 AM - 7:00 PM | Saturday : 10:00 AM - 5:00 PM | Sunday : 10:00 AM - 5:00 PM,(732) 339-3444,732-591-9664,oldbridge@dogtopia.com,https://www.dogtopia.com/old-bridge,40.3767841,-74.30562509999999
2076,North Raleigh,4708 Hargrove Road,Raleigh,North Carolina,Monday : 7:00 AM - 7:00 PM | Tuesday : 7:00 AM - 7:00 PM | Wednesday : 7:00 AM - 7:00 PM | Thursday : 7:00 AM - 7:00 PM | Friday : 7:00 AM - 7:00 PM | Saturday : 7:00 AM - 7:00 PM | Sunday : 7:00 AM - 7:00 PM,(919) 706-0525,(919) 377-9312,raleigh@dogtopia.com,https://www.dogtopia.com/north-raleigh,35.84995749999999,-78.59025869999999
2067,Chester Springs,50 Senn Drive,Chester Springs,Pennsylvania,Monday : 7:00 AM - 7:00 PM | Tuesday : 7:00 AM - 7:00 PM | Wednesday : 7:00 AM - 7:00 PM | Thursday : 7:00 AM - 7:00 PM | Friday : 7:00 AM - 7:00 PM | Saturday : 10:00 AM - 5:00 PM | Sunday : 10:00 AM - 2:00 PM,(484) 212-7387,610-561-3364,chestersprings@dogtopia.com,https://www.dogtopia.com/chester-springs,40.07496220000001,-75.677975
2064,Manassas,10352 Balls Ford Road,Manassas,Virginia,Monday : 5:30 AM - 7:00 PM | Tuesday : 5:30 AM - 7:00 PM | Wednesday : 5:30 AM - 7:00 PM | Thursday : 5:30 AM - 7:00 PM | Friday : 5:30 AM - 7:00 PM | Saturday : 10:00 AM - 5:00 PM | Sunday : 10:00 AM - 5:00 PM,(703) 278-2101,703-335-2224,manassas@dogtopia.com,https://www.dogtopia.com/manassas,38.8025359,-77.50677129999997
2061,Alexandria,3121 Colvin Street,Alexandria,Virginia,Monday : 6:00 AM - 7:00 PM | Tuesday : 6:00 AM - 7:00 PM | Wednesday : 6:00 AM - 7:00 PM | Thursday : 6:00 AM - 7:00 PM | Friday : 6:00 AM - 7:00 PM | Saturday : 8:00 AM - 5:00 PM | Sunday : 10:00 AM - 5:00 PM,703-278-2110,703-751-2575,alexandria@dogtopia.com,https://www.dogtopia.com/alexandria,38.8072351,-77.0846381
2058,Dulles,"3850 Dulles South Court, Suite D",Chantilly,Virginia,Monday : 6:00 AM - 7:00 PM | Tuesday : 6:00 AM - 7:00 PM | Wednesday : 6:00 AM - 7:00 PM | Thursday : 6:00 AM - 7:00 PM | Friday : 6:00 AM - 7:00 PM | Saturday : 10:00 AM - 5:00 PM | Sunday : 10:00 AM - 5:00 PM,(703) 278-2021,703-817-9633,dulles@dogtopia.com,https://www.dogtopia.com/chantilly-dulles,38.9129588,-77.47046610000001
2050,Douglas Glen,10820 27 St SE,Calgary,Alberta,Monday : 6:30 AM - 7:00 PM | Tuesday : 6:30 AM - 7:00 PM | Wednesday : 6:30 AM - 7:00 PM | Thursday : 6:30 AM - 7:00 PM | Friday : 6:30 AM - 7:00 PM | Saturday : 10:00 AM - 5:00 PM | Sunday :  - ,(403) 908-0185,,douglasglen@dogtopia.com,https://www.dogtopia.com/calgary-douglas-glen,50.9558809,-113.9966503
